DataType,Average,Min,Max,Standard Deviation
int,3.3,3,4,0.4605661864718383
float,4.01,4,5,0.09999999999999999
string,81.51,78,88,2.171881835429982
boardgame,327.53,298,486,25.836492475456946
